{
  "images" : [
    {
      "size" : "60x45",
      "idiom" : "iphone",
      "filename" : "wenderPicIcon_60@2x.png",
      "scale" : "2x"
    },
    {
      "size" : "60x45",
      "idiom" : "iphone",
      "filename" : "wenderPicIcon_60@3x.png",
      "scale" : "3x"
    },
    {
      "size" : "67x50",
      "idiom" : "ipad",
      "filename" : "wenderPicIcon_67@2x.png",
      "scale" : "2x"
    },
    {
      "size" : "74x55",
      "idiom" : "ipad",
      "filename" : "wenderPicIcon_74@2x.png",
      "scale" : "2x"
    },
    {
      "size" : "27x20",
      "idiom" : "universal",
      "filename" : "wenderPicIcon_27@2x.png",
      "scale" : "2x",
      "platform" : "ios"
    },
    {
      "size" : "27x20",
      "idiom" : "universal",
      "filename" : "wenderPicIcon_27@3x-1.png",
      "scale" : "3x",
      "platform" : "ios"
    },
    {
      "size" : "32x24",
      "idiom" : "universal",
      "filename" : "wenderPicIcon_32@2x.png",
      "scale" : "2x",
      "platform" : "ios"
    },
    {
      "size" : "32x24",
      "idiom" : "universal",
      "filename" : "wenderPicIcon_32@3x.png",
      "scale" : "3x",
      "platform" : "ios"
    },
    {
      "size" : "1024x768",
      "idiom" : "ios-marketing",
      "filename" : "wenderPicIcon_iTunes.png",
      "scale" : "1x",
      "platform" : "ios"
    }
  ],
  "info" : {
    "version" : 1,
    "author" : "xcode"
  }
}